{"object":"page","id":"d5145ced-f00d-4c8f-95e9-b2762ccd4713","created_time":"2023-01-05T05:26:00.000Z","last_edited_time":"2023-01-05T05:26:00.000Z","created_by":{"object":"user","id":"bc076897-a70e-4155-875d-d06ab30f97ac"},"last_edited_by":{"object":"user","id":"bc076897-a70e-4155-875d-d06ab30f97ac"},"cover":null,"icon":{"type":"emoji","emoji":"🔖"},"parent":{"type":"database_id","database_id":"346be845-07ff-482b-80fc-eb4024deadc2"},"archived":false,"properties":{"Date Finished":{"id":"%3AD%3EA","type":"date","date":null},"Author":{"id":"PRs%3D","type":"rich_text","rich_text":[{"type":"text","text":{"content":"Ash Ali","link":null},"annotations":{"bold":false,"italic":false,"strikethrough":false,"underline":false,"code":false,"color":"default"},"plain_text":"Ash Ali","href":null}]},"Genre":{"id":"_ygF","type":"select","select":null},"Date Started":{"id":"eBiW","type":"date","date":null},"Status":{"id":"nNoN","type":"select","select":null},"Book Name":{"id":"r%3DfM","type":"rich_text","rich_text":[{"type":"text","text":{"content":"The Unfair Advantage","link":null},"annotations":{"bold":false,"italic":false,"strikethrough":false,"underline":false,"code":false,"color":"default"},"plain_text":"The Unfair Advantage","href":null}]},"Title":{"id":"title","type":"title","title":[{"type":"text","text":{"content":"The Unfair Advantage","link":null},"annotations":{"bold":false,"italic":false,"strikethrough":false,"underline":false,"code":false,"color":"default"},"plain_text":"The Unfair Advantage","href":null}]}},"url":"https://www.notion.so/The-Unfair-Advantage-d5145cedf00d4c8f95e9b2762ccd4713"}